,max,min,mean,std
/B01,255.0,0.0,134.72078370571592,43.31844638840432
/B02,255.0,0.0,138.08738788260465,36.88335725690546
/B05,255.0,3.0,165.43627659367178,38.4886416893402
/B07,255.0,8.0,186.95624191479865,36.199546691587
/B20,255.0,0.0,128.06168902645229,42.40812800880474
